conserve initial price,conserved,conserved profit,initial price,initialize,optimized profit,optimized value state,profit state,traded,value state,Trend 5m,Timestamp,open,high,low,close,vol,ask price0,ask vol0,ask price1,ask vol1,bid price0,bid vol0,bid price1,bid vol1
135.69,True,0,135.69,False,0,0,0,False,-120.39079268743986,1.52587890625e-05,1643255400000,135.11,135.59,135.11,135.53,82.55,135.69,3.43,135.7,1.83,135.62,4.7,135.61,1.9
135.69,True,0,135.69,False,0,0,0,False,1.1348611723225792,28.928451538085938,1643255700000,136.14,136.22,135.87,136.0,115.88,136.06,1.9,136.07,0.7,136.0,0.1,135.97,0.74
135.69,True,0,135.69,False,0,0,0,False,-0.4950132003519968,28.343920898437506,1643256900000,136.36,136.59,136.0,136.1,260.75,135.96,11.89,135.97,1.64,135.83,7.02,135.82,0.7
135.69,True,0,135.69,False,0,0,0,False,0.3183315038419232,27.23926696777344,1643257200000,136.65,136.71,136.41,136.55,69.77,136.61,1.9,136.63,10.69,136.51,9.22,136.5,4.68
135.69,True,0,135.69,False,0,0,0,False,-1.2842276182744075,27.319229125976562,1643257500000,135.49,135.66,135.45,135.62,44.55,135.64,1.9,135.67,7.38,135.56,1.9,135.55,1.82
135.69,True,0,135.69,False,0,0,0,False,0.27626344482098125,27.141113281249993,1643257800000,135.74,135.92,135.72,135.92,36.59,135.69,1.9,135.72,0.1,135.61,0.7,135.59,3.68
135.69,True,0,135.69,False,0,0,0,False,0.33078506321668216,-0.2098846435546875,1643258100000,136.04,136.13,135.8,136.08,47.25,136.16,1.9,136.17,0.73,136.08,2.6,136.06,3.5
135.69,True,0,135.69,True,0,-0.15,0,False,0.4068616670332137,-2.6626800537109374,1643258400000,136.41,136.45,136.21,136.29,58.92,136.14,1.9,136.16,2.53,136.07,1.9,136.05,7.35
135.69,True,0,135.69,False,0,-0.15,0,False,-0.5629139072847581,-0.0068939208984375,1643258700000,135.9,136.13,135.9,136.13,37.04,136.56,4.27,136.57,2.21,136.49,4.11,136.48,0.7
135.69,True,0,135.69,True,0,-0.15,0,False,0.5936675461741338,-0.0496978759765625,1643259000000,136.44,136.54,136.44,136.52,10.88,136.63,0.73,136.67,5.8,136.6,0.08,136.59,2.6
135.69,True,0,135.69,False,0,-0.15,0,False,0.06593406593406843,0.1110565185546875,1643259300000,136.5,136.54,136.41,136.41,28.29,136.5,0.08,136.52,1.9,136.46,9.23,136.45,2.0
135.69,True,0,135.69,False,0,-0.15,0,False,-0.07696254489481036,0.111883544921875,1643259600000,136.43,136.66,136.36,136.66,261.9,136.59,1.9,136.61,7.73,136.52,1.01,136.5,5.76
135.69,True,0,135.69,True,0,-0.15,0,False,-0.02199252254234686,0.11004638671875,1643259900000,136.41,136.42,136.17,136.36,249.13,136.35,1.9,136.4,4.88,136.29,1.9,136.28,0.7
135.69,True,0,135.69,False,0,-0.15,0,False,-0.5186111519788129,0.0231170654296875,1643260200000,135.94,136.03,135.94,135.95,22.61,135.87,3.79,135.88,3.56,135.81,12.18,135.8,1.16
135.69,True,0,135.69,False,0,-0.15,0,False,-0.487084870848706,-0.006201171875,1643260500000,135.5,135.6,135.4,135.4,27.95,135.47,0.16,135.52,2.99,135.43,9.29,135.42,3.3
135.69,True,0,135.69,False,0,-0.15,0,False,0.6722503857174494,-0.1569732666015625,1643260800000,136.11,136.23,136.07,136.16,30.27,136.22,4.63,136.23,1.9,136.15,0.7,136.14,1.9
135.69,True,0,135.69,False,0,-0.15,0,False,0.07710383316198396,-0.0753662109375,1643261100000,136.18,136.34,136.03,136.15,86.98,136.06,3.8,136.08,1.69,136.03,0.7,136.0,3.1
135.69,True,0,135.69,False,0,-0.15,0,False,0.03303722193671661,-0.0960968017578125,1643261400000,136.21,136.38,136.21,136.25,31.83,136.45,23.52,136.48,7.33,136.4,2.66,136.35,7.33
135.69,True,0,135.69,False,0,-0.15,0,False,-0.13226541259461153,-0.019171142578125,1643261700000,136.09,136.17,135.99,136.04,40.36,135.94,0.08,136.02,1.39,135.93,2.24,135.92,2.64
135.69,True,0,135.69,False,0,-0.15,0,False,-0.8535323677209691,0.0127685546875,1643262000000,135.32,135.36,134.86,134.94,255.62,134.96,1.9,134.97,1.94,134.9,0.5,134.89,4.66
135.69,True,0,135.69,False,0,-0.15,0,False,0.01108401684772703,-0.013067626953125,1643262300000,135.33,135.63,135.3,135.3,70.8,135.42,1.9,135.43,1.94,135.37,0.7,135.36,1.9
135.69,True,0,135.69,False,0,-0.15,0,False,0.5961580922940959,-0.1282440185546875,1643262600000,135.87,135.91,135.66,135.66,56.61,135.68,1.9,135.7,12.48,135.61,1.9,135.6,2.0
135.69,True,0,135.69,False,0,-0.15,0,False,-0.6876155268022232,-0.0811981201171875,1643262900000,135.25,135.37,135.12,135.17,20.86,135.23,9.3,135.24,7.4,135.18,1.9,135.17,1.0
135.69,True,0,135.69,True,0,-0.15,0,False,0.06651393097332305,-0.193701171875,1643263200000,135.31,135.56,135.27,135.56,30.35,135.38,9.29,135.39,1.9,135.31,0.74,135.29,7.88
135.69,True,0,135.69,False,0,-0.15,0,False,-0.14425210830003934,-0.1042938232421875,1643263500000,135.18,135.18,134.76,134.94,185.21,134.91,0.12,134.94,1.9,134.87,1.9,134.83,2.25
135.69,True,0,135.69,False,0,-0.15,0,False,-0.4786641929499148,-0.06715087890625,1643263800000,134.75,134.82,134.64,134.82,63.49,134.84,10.2,134.85,4.32,134.8,0.08,134.77,1.9
135.69,True,0,135.69,False,0,-0.15,0,False,-0.21180142687276798,-0.02423095703125,1643264100000,134.56,134.89,134.56,134.62,268.72,134.85,12.31,134.86,0.74,134.79,8.25,134.78,3.13
135.69,True,0,135.69,False,0,-0.15,0,False,0.43349388662466065,-0.0915283203125,1643264400000,134.95,135.04,134.9,134.98,625.23,134.98,3.79,135.01,1.9,134.97,2.0,134.96,1.3
135.69,True,0,135.69,False,0,-0.15,0,False,-0.022233750833745434,-0.05712890625,1643264700000,134.93,134.94,134.83,134.83,37.91,134.75,1.98,134.79,1.9,134.71,1.3,134.69,4.44
135.69,True,0,135.69,False,0,-0.15,0,False,-0.4236343366778098,-0.092681884765625,1643265000000,134.55,135.04,134.55,134.84,296.73,134.95,3.12,134.97,1.9,134.92,2.3,134.91,16.2
135.69,True,0,135.69,False,0,-0.15,0,False,0.8314855875831485,-0.080023193359375,1643265300000,135.3,135.38,135.28,135.34,31.6,135.36,1.0,135.38,4.44,135.34,2.2,135.32,4.35
135.69,True,0,135.69,False,0,-0.15,0,False,0.8159364892678411,-0.05828857421875,1643265600000,136.04,136.27,135.95,136.17,116.56,136.2,3.06,136.23,1.9,136.18,3.38,136.17,96.22
135.69,True,0,135.69,False,0,-0.15,0,False,0.15420766632399924,0.187982177734375,1643265900000,136.18,136.26,136.08,136.24,118.26,136.37,2.0,136.38,4.51,136.29,3.3,136.28,18.3
135.69,True,0,135.69,False,0,-0.15,0,False,0.23095534863257522,0.1755035400390625,1643266200000,136.39,136.64,136.27,136.64,533.54,136.66,2.3,136.67,1.3,136.6,1.72,136.59,0.73
135.69,True,0,135.69,True,0,-0.15,0,False,0.2854006586169257,0.2867462158203125,1643266500000,136.65,136.66,136.51,136.55,33.16,136.46,5.52,136.49,8.58,136.4,28.11,136.39,0.73
135.69,True,0,135.69,False,0,-0.15,0,False,-0.3300330033003426,0.350335693359375,1643266800000,136.35,136.5,136.09,136.09,97.68,136.24,2.5,136.25,5.2,136.15,1.9,136.12,11.44
135.69,True,0,135.69,True,0,-0.15,0,False,0.10993037742762293,0.155340576171875,1643267100000,136.45,136.82,136.45,136.82,100.02,136.86,13.04,136.88,2.98,136.82,1.9,136.81,0.7
135.69,True,0,135.69,False,0,-0.15,0,False,-0.2532667743356223,0.1833709716796875,1643267400000,136.22,136.5,136.11,136.5,69.38,136.52,1.36,136.54,5.93,136.48,3.43,136.43,7.33
135.69,True,0,135.69,True,0,-0.15,0,False,-0.17639276789651248,0.0942962646484375,1643267700000,136.06,136.71,136.03,136.71,147.38,136.67,0.37,136.68,2.05,136.65,0.92,136.6,7.32
135.69,True,0,135.69,True,0,0.6146191556303506,0,False,1.3005464480874291,0.048370361328125,1643268000000,137.25,137.35,137.17,137.17,54.34,137.26,2.0,137.27,0.7,137.23,26.51,137.19,31.07
135.69,True,0,135.69,False,0,0.6146191556303506,0,False,-0.04372859121054446,0.05692138671875,1643268300000,137.21,137.85,137.21,137.59,172.54,137.65,1.9,137.66,20.8,137.56,1.9,137.55,7.27
135.69,True,0,135.69,True,0,-0.15,0,False,0.10924186148131343,0.24000244140625,1643268600000,137.31,137.33,137.03,137.12,370.51,137.25,9.47,137.26,28.29,137.15,1.9,137.14,2.6
135.69,True,0,135.69,True,0,0.49180327868853624,0,False,0.8364716106604977,0.095947265625,1643268900000,138.08,138.09,137.62,137.71,473.23,137.73,0.01,137.74,14.0,137.7,3.52,137.69,38.2
135.69,True,0,135.69,False,0,0.49180327868853624,0,False,0.24943966452171545,0.2155670166015625,1643269200000,138.31,138.79,138.21,138.62,403.99,138.66,6.7,138.67,7.22,138.65,0.11,138.6,8.73
135.69,True,0,135.69,False,0,0.49180327868853624,0,False,0.1949599249043326,0.2635284423828125,1643269500000,138.49,138.49,137.93,137.93,418.54,137.95,1.8,137.96,0.7,137.93,4.2,137.92,5.7
135.69,True,0,135.69,False,0,0.49180327868853624,0,False,-0.3256386135031602,0.228955078125,1643269800000,138.19,138.22,137.88,138.06,36.55,138.19,0.08,138.22,0.72,138.16,1.9,138.11,5.48
135.69,True,0,135.69,True,0,-0.15,0,False,0.5515501081470703,0.1278594970703125,1643270100000,138.7,138.71,138.48,138.6,284.03,138.6,1.4,138.61,4.0,138.55,9.93,138.52,2.27
135.69,True,0,135.69,False,0,-0.15,0,False,-0.7499456561118736,0.2691741943359375,1643270400000,138.01,138.11,137.45,137.71,214.54,137.58,12.33,137.59,1.9,137.51,6.51,137.5,19.74
135.69,True,0,135.69,True,0,-0.15,0,False,-0.6659388646288048,0.0255950927734375,1643270700000,137.4,137.4,137.14,137.37,95.09,137.24,0.08,137.29,0.73,137.23,0.23,137.19,38.2
135.69,True,0,135.69,True,0,0.590206936753134,0,False,0.41370300479024036,-0.1829742431640625,1643271000000,137.78,137.95,137.69,137.9,94.68,137.79,6.66,137.88,7.25,137.78,26.59,137.76,18.2
135.69,True,0,135.69,True,0,0.05464879044009763,0,False,0.542377784205959,0.0084808349609375,1643271300000,138.28,138.28,138.0,138.0,102.54,137.86,3.2,137.87,5.67,137.83,2.19,137.78,11.18
135.69,True,0,135.69,False,0,0.05464879044009763,0,False,-0.6318082788671161,0.0238861083984375,1643271600000,137.7,137.84,137.55,137.64,92.5,137.82,1.2,137.86,0.73,137.72,13.84,137.71,5.19
135.69,True,0,135.69,False,0,0.05464879044009763,0,False,-0.38223516563523224,-0.1096038818359375,1643271900000,137.35,137.83,137.35,137.72,153.79,137.7,1.9,137.71,14.81,137.65,0.72,137.61,4.48
135.69,True,0,135.69,False,0,0.05464879044009763,0,False,0.04367130067689648,-0.0065032958984375,1643272200000,137.39,137.4,137.29,137.3,119.8,137.25,7.78,137.29,7.29,137.24,3.09,137.2,2.89
135.69,True,0,135.69,False,0,0.05464879044009763,0,False,-0.7240547063555877,0.0335113525390625,1643272500000,136.73,136.84,136.32,136.7,714.24,136.63,2.0,136.67,6.82,136.57,0.7,136.56,8.8
135.69,True,0,135.69,False,0,0.05464879044009763,0,False,0.06579428320783932,-0.3143829345703125,1643272800000,136.79,137.0,136.55,137.0,343.91,137.09,1.9,137.12,0.8,137.02,3.2,137.01,13.5
135.69,True,0,135.69,False,0,0.05464879044009763,0,False,1.0237421041167478,-0.1618499755859375,1643273100000,137.73,138.09,137.54,137.95,176.71,137.93,0.01,138.04,0.96,137.92,20.24,137.91,15.98
135.69,True,0,135.69,False,0,0.05464879044009763,0,False,0.5317609607871608,-0.0926605224609375,1643273400000,138.22,138.31,138.16,138.3,83.96,138.37,3.9,138.38,1.7,138.25,2.6,138.24,31.46
135.69,True,0,135.69,True,0,-0.15,0,False,0.7558306939245487,0.1105316162109375,1643273700000,138.92,139.18,138.88,139.11,347.47,139.27,4.6,139.28,3.72,139.18,1.9,139.16,6.09
135.69,True,0,135.69,False,0,-0.15,0,False,0.4735935706085241,0.291412353515625,1643274000000,139.36,139.53,139.1,139.13,338.76,139.15,1.9,139.16,1.3,139.07,1.9,139.06,0.8
135.69,True,0,135.69,False,0,-0.15,0,False,-0.021530070331574096,0.5081146240234375,1643274300000,139.34,139.39,138.75,139.0,849.45,138.98,3.43,138.99,7.19,138.93,0.72,138.89,0.64
135.69,True,0,135.69,False,0,-0.15,0,False,-0.9097472924187763,0.3427276611328125,1643274600000,138.5,138.92,138.5,138.67,434.51,138.8,4.18,138.93,2.8,138.79,2.29,138.78,28.5
135.69,True,0,135.69,True,0,-0.15,0,False,0.7328639172294943,0.217919921875,1643274900000,139.18,139.33,138.9,138.9,403.84,138.82,3.86,138.92,6.1,138.81,3.96,138.78,2.16
135.69,True,0,135.69,False,0,-0.15,0,False,0.021551724137911434,0.13175048828125,1643275200000,139.2,139.28,138.68,138.83,273.92,138.9,3.9,138.91,1.9,138.82,1.0,138.81,1.9
135.69,True,0,135.69,True,0,-0.15,0,False,0.3547624166845974,0.0265777587890625,1643275500000,139.53,139.59,139.27,139.37,300.17,139.32,6.66,139.4,1.9,139.31,1.94,139.28,0.72
135.69,True,0,135.69,True,0,0.043066322136098734,0,False,0.1503544068160518,0.03575439453125,1643275800000,139.67,139.71,139.36,139.51,68.46,139.43,1.9,139.44,1.9,139.36,0.76,139.35,1.9
135.69,True,0,135.69,False,0,0.043066322136098734,0,False,-0.6796605293440687,0.081109619140625,1643276100000,139.04,139.18,139.01,139.05,59.15,139.03,0.08,139.05,1.18,139.0,1.85,138.96,5.0
135.69,True,0,135.69,True,0,-0.15,0,False,0.34443168771529303,0.0758331298828125,1643276400000,139.36,139.5,139.28,139.5,24.71,139.39,1.1,139.45,1.81,139.32,1.75,139.31,1.9
135.69,True,0,135.69,False,0,-0.15,0,False,0.22569320054450764,0.1077606201171875,1643276700000,139.57,139.74,139.36,139.45,232.78,139.6,7.84,139.64,1.16,139.51,1.9,139.5,4.72
135.69,True,0,135.69,False,0,-0.15,0,False,-0.45274883219545903,0.10618896484375,1643277000000,139.15,139.25,139.03,139.16,170.55,139.22,0.08,139.26,13.58,139.16,14.37,139.15,2.77
135.69,True,0,135.69,True,0,-0.15,0,False,-0.053918044572262444,-0.0171661376953125,1643277300000,139.1,139.15,139.06,139.06,70.81,138.87,2.08,138.88,1.9,138.84,1.9,138.83,5.54
135.69,True,0,135.69,False,0,-0.15,0,False,-0.07552326835933955,-0.063397216796875,1643277600000,139.03,139.03,138.85,138.87,52.22,138.88,22.21,138.91,9.07,138.87,1.81,138.82,1.9
135.69,True,0,135.69,False,0,-0.15,0,False,-0.5740072202166078,-0.0241790771484375,1643277900000,138.5,138.67,138.42,138.67,197.25,138.78,2.4,138.79,2.0,138.74,0.08,138.7,2.4
135.69,True,0,135.69,False,0,-0.15,0,False,0.4104262672811011,-0.137994384765625,1643278200000,138.88,138.94,138.81,138.85,49.66,138.78,1.54,138.84,7.2,138.74,1.96,138.69,2.56
135.69,True,0,135.69,False,0,-0.15,0,False,-0.08645533141208654,-0.0846435546875,1643278500000,138.8,138.96,138.8,138.89,72.56,138.66,3.03,138.67,0.7,138.62,0.49,138.56,3.94
135.69,True,0,135.69,False,0,-0.15,0,False,-0.5314149374593403,-0.051824951171875,1643278800000,138.31,138.5,138.23,138.29,109.91,138.28,1.9,138.35,7.23,138.26,35.24,138.24,0.7
135.69,True,0,135.69,False,0,-0.15,0,False,-0.7192154013803086,-0.160833740234375,1643279100000,137.65,138.0,137.61,137.86,317.58,138.0,2.1,138.02,0.72,137.98,1.9,137.97,1.53
135.69,True,0,135.69,False,0,-0.15,0,False,0.4129537057161437,-0.25677490234375,1643279400000,138.03,138.03,137.84,137.88,84.32,137.73,1.7,137.74,3.53,137.66,0.73,137.62,4.44
135.69,True,0,135.69,False,0,-0.15,0,False,-0.6439173457508769,-0.095849609375,1643279700000,137.44,137.61,137.44,137.52,16.63,137.6,1.9,137.61,3.47,137.5,1.9,137.49,2.0
135.69,True,0,135.69,False,0,-0.15,0,False,0.39187227866474633,-0.232830810546875,1643280000000,137.8,137.8,137.56,137.56,77.47,137.6,6.66,137.61,9.86,137.58,0.08,137.52,5.76
135.69,True,0,135.69,False,0,-0.15,0,False,-0.45858203523076424,-0.195721435546875,1643280300000,137.38,137.6,137.38,137.57,237.02,137.7,0.28,137.77,30.8,137.68,0.16,137.67,1.9
135.69,True,0,135.69,False,0,-0.15,0,False,0.2942244823828662,-0.115496826171875,1643280600000,137.65,137.65,137.36,137.44,142.85,137.52,4.6,137.53,0.5,137.49,0.08,137.47,2.0
135.69,True,0,135.69,False,0,-0.15,0,False,-0.043601482450394635,-0.021240234375,1643280900000,137.61,137.65,137.4,137.55,49.52,137.66,4.61,137.69,20.29,137.56,2.6,137.55,1.3
135.69,True,0,135.69,False,0,-0.15,0,False,0.5971337579617649,-0.120751953125,1643281200000,138.16,138.74,138.13,138.63,294.22,138.44,1.99,138.45,6.12,138.33,31.8,138.32,2.52
135.69,True,0,135.69,False,0,-0.15,0,False,0.3574265289912764,0.0351898193359375,1643281500000,138.49,138.73,138.49,138.73,46.71,138.75,1.9,138.77,2.62,138.73,0.08,138.69,2.52
135.69,True,0,135.69,False,0,-0.15,0,False,0.16229082515865978,0.125653076171875,1643281800000,138.64,138.84,138.64,138.84,60.12,138.85,3.09,138.87,7.21,138.81,0.08,138.78,1.9
135.69,True,0,135.69,True,0,-0.15,0,False,0.5927149938932518,0.2288818359375,1643282100000,139.19,139.38,139.19,139.32,236.88,139.39,1.9,139.4,10.48,139.3,6.74,139.29,10.99
135.69,True,0,135.69,False,0,-0.15,0,False,-0.1402272400402655,0.3263946533203125,1643282400000,139.06,139.06,138.64,138.64,102.0,138.64,1.9,138.65,4.0,138.57,10.16,138.56,1.08
135.69,True,0,135.69,False,0,-0.15,0,False,-0.43271311120727574,0.211737060546875,1643282700000,138.66,138.98,138.66,138.97,23.08,139.18,1.82,139.2,14.34,139.1,1.9,139.09,1.26
135.69,True,0,135.69,True,0,-0.15,0,False,0.9993552546744109,0.16341552734375,1643283000000,139.59,139.68,139.33,139.38,41.63,139.52,1.9,139.53,3.3,139.47,2.82,139.45,2.85
135.69,True,0,135.69,False,0,-0.15,0,False,0.31098084072060916,0.1196197509765625,1643283300000,139.88,140.07,139.83,139.87,259.42,140.03,10.44,140.04,1.9,139.95,1.9,139.94,3.98
135.69,True,0,135.69,False,0,-0.15,0,False,-0.646180356117168,0.1684234619140625,1643283600000,139.28,139.39,139.28,139.35,17.15,139.54,9.6,139.55,1.21,139.43,1.91,139.41,12.92
135.69,True,0,135.69,True,0,-0.15,0,False,0.7714285714285702,0.0702545166015625,1643284200000,140.0,140.0,139.63,139.66,34.9,139.65,5.2,139.68,7.16,139.63,0.56,139.58,15.13
135.69,True,0,135.69,False,0,-0.15,0,False,-0.7104923209415781,0.1832916259765625,1643284200000,139.34,139.54,139.31,139.31,205.47,139.45,9.07,139.46,9.63,139.38,4.19,139.35,10.0
135.69,True,0,135.69,True,0,-0.15,0,False,0.26864388566516223,0.0910919189453125,1643284500000,139.59,139.59,139.21,139.46,58.27,139.49,1.9,139.52,0.8,139.41,1.9,139.4,3.15
135.69,True,0,135.69,True,0,0.7312352139938127,0,False,0.28957528957530054,0.05157470703125,1643284800000,139.86,140.13,139.78,140.01,116.48,140.24,2.46,140.25,0.15,140.17,0.98,140.16,1.92
135.69,True,0,135.69,True,0,0.5914402466126774,0,False,0.7682458386683726,0.0256744384765625,1643285100000,140.58,140.77,140.42,140.74,190.59,140.75,4.13,140.76,2.0,140.72,70.21,140.68,34.03
135.69,True,0,135.69,False,0,0.5914402466126774,0,False,0.3300447157356525,0.163818359375,1643285400000,140.89,141.11,140.89,140.96,249.39,141.1,1.16,141.11,1.93,141.03,2.8,141.02,7.09
135.69,True,0,135.69,True,0,-0.15,0,False,0.9205699774266415,0.2438385009765625,1643285700000,141.76,142.25,141.75,142.16,748.07,142.36,1.24,142.37,0.65,142.31,1.77,142.29,7.03
135.69,True,0,135.69,True,0,-0.453076706940152,0,False,0.6531816266329589,0.436077880859375,1643286000000,142.38,142.5,141.83,141.91,300.83,142.0,0.7,142.01,7.7,141.93,1.9,141.92,1.53
135.69,True,0,135.69,False,0,-0.453076706940152,0,False,-0.5498378683208605,0.4901519775390625,1643286300000,141.86,142.01,141.77,141.81,68.95,141.78,2.0,141.79,7.1,141.71,1.9,141.7,32.96
135.69,True,0,135.69,True,0,-0.15,0,False,0.7470014729606295,0.417645263671875,1643286600000,142.57,142.57,142.15,142.41,318.01,142.09,0.16,142.14,1.9,142.07,0.83,142.01,31.72
135.69,True,0,135.69,False,0,-0.15,0,False,-0.803892532261467,0.3599761962890625,1643286900000,141.81,141.96,141.58,141.96,373.53,142.18,7.63,142.19,0.7,142.13,1.9,142.1,2.55
135.69,True,0,135.69,True,0,-0.15,0,False,0.5690200210748072,0.260479736328125,1643287200000,142.35,142.45,142.04,142.33,58.42,142.35,2.8,142.41,7.03,142.28,1.53,142.24,7.03
135.69,True,0,135.69,False,0,-0.15,0,False,-0.11600112485937698,0.1382598876953125,1643287500000,142.24,143.08,142.19,142.99,295.2,142.77,7.53,142.85,9.12,142.74,0.7,142.71,7.0
135.69,True,0,135.69,True,0,-0.15,0,False,0.8076358296622423,0.1375457763671875,1643287800000,143.01,143.37,142.93,143.25,46.42,143.33,5.4,143.36,2.13,143.28,1.82,143.25,2.7
135.69,True,0,135.69,False,0,-0.15,0,False,0.6994710467706179,0.2225830078125,1643288100000,143.68,143.95,143.66,143.79,174.56,143.85,0.25,143.9,1.51,143.79,2.0,143.78,1.53
135.69,True,0,135.69,False,0,-0.15,0,False,-0.4397598771464637,0.271380615234375,1643288400000,143.26,143.37,142.78,143.0,434.94,143.05,8.43,143.1,6.99,143.0,1.9,142.99,6.99
135.69,True,0,135.69,True,0,-0.15,0,False,0.031404843324727275,0.2522430419921875,1643288700000,143.29,143.55,143.28,143.49,74.83,143.58,0.6,143.59,0.38,143.52,1.9,143.49,2.05
135.69,True,0,135.69,True,0,-0.10447137484334235,0,False,0.36549707602338594,0.2271636962890625,1643289000000,143.64,143.8,143.24,143.24,673.65,143.56,8.0,143.57,2.3,143.48,1.9,143.44,18.3
135.69,True,0,135.69,False,0,-0.10447137484334235,0,False,0.0,0.1407318115234375,1643289300000,143.64,143.68,143.33,143.36,125.4,143.37,5.8,143.44,1.39,143.32,1.9,143.31,1.53
135.69,True,0,135.69,False,0,-0.10447137484334235,0,False,0.0,0.0647552490234375,1643289600000,143.64,143.75,143.44,143.51,89.28,143.62,4.43,143.63,30.12,143.55,1.9,143.54,1.3
135.69,True,0,135.69,True,0,-0.15,0,False,0.09392611145898916,-0.0146453857421875,1643289900000,143.73,143.79,143.59,143.7,11.52,143.66,0.7,143.67,5.05,143.57,1.9,143.56,1.3
135.69,True,0,135.69,False,0,-0.15,0,False,-0.4396064475612178,0.04075927734375,1643290200000,143.31,143.41,142.59,142.75,303.23,142.79,1.9,142.8,9.81,142.74,1.9,142.72,0.78
135.69,True,0,135.69,False,0,-0.15,0,False,-0.9903771862049565,-0.1258453369140625,1643290500000,142.37,142.5,142.34,142.42,148.15,142.22,19.31,142.27,0.7,142.14,0.08,142.12,2.0
135.69,True,0,135.69,True,0,-0.15,0,False,-0.29558730382152276,-0.2667449951171875,1643290800000,142.09,142.6,142.04,142.6,195.01,142.46,1.9,142.47,4.79,142.38,1.9,142.37,7.72
135.69,True,0,135.69,True,0,0.31587814123261637,0,False,0.9962248322147532,-0.0441864013671875,1643291100000,143.04,143.14,142.92,142.99,84.99,142.81,0.09,142.85,10.2,142.76,6.7,142.75,35.15
135.69,True,0,135.69,False,0,0.31587814123261637,0,False,-0.07344198083513308,-0.1001708984375,1643291400000,142.97,143.04,142.81,142.93,259.61,142.86,1.9,142.87,7.0,142.77,6.6,142.75,32.31
135.69,True,0,135.69,True,0,-0.15,0,False,0.6476774148617639,-0.0339141845703125,1643291700000,143.59,143.59,143.5,143.57,37.02,143.41,2.39,143.44,1.72,143.33,0.83,143.32,2.0
135.69,True,0,135.69,False,0,-0.15,0,False,-0.2825844264582859,0.10201416015625,1643292000000,143.32,143.33,142.71,142.71,169.61,142.78,0.1,142.83,1.45,142.77,2.51,142.76,8.3
135.69,True,0,135.69,False,0,-0.15,0,False,-0.13618269432222443,0.2280792236328125,1643292300000,143.19,143.19,142.92,143.09,83.39,143.09,0.08,143.14,2.25,143.07,3.12,143.01,8.76
135.69,True,0,135.69,False,0,-0.15,0,False,-0.1782967417144324,-0.0143707275390625,1643292600000,143.02,143.12,142.92,142.92,21.31,142.95,0.9,142.96,1.84,142.89,1.9,142.88,2.7
135.69,True,0,135.69,False,0,-0.15,0,False,0.7098121085594765,0.0022857666015625,1643292900000,143.7,143.77,143.29,143.5,186.48,143.44,1.82,143.45,3.65,143.34,4.15,143.33,9.92
135.69,True,0,135.69,False,0,-0.15,0,False,0.28130860595958557,-0.035394287109375,1643293200000,143.97,144.0,143.66,143.71,142.2,143.56,1.9,143.57,2.6,143.5,2.16,143.48,0.7
135.69,True,0,135.69,False,0,-0.15,0,False,-0.20866662029629474,0.0511383056640625,1643293500000,143.77,143.95,143.56,143.6,40.55,143.9,1.9,143.91,0.7,143.84,4.55,143.77,5.07
135.69,True,0,135.69,False,0,-0.15,0,False,-0.03130652567135223,0.1087158203125,1643293800000,143.74,143.97,143.43,143.43,266.67,143.38,1.88,143.44,2.5,143.35,0.19,143.34,0.33
135.69,True,0,135.69,False,0,-0.15,0,False,0.6442227763923571,0.1028350830078125,1643294100000,144.36,144.72,144.0,144.1,634.32,144.08,2.6,144.09,0.26,144.04,0.71,144.03,0.69
135.69,True,0,135.69,False,0,-0.15,0,False,-0.47949965253649196,0.1648895263671875,1643294400000,143.9,144.61,143.81,144.45,222.16,144.52,2.25,144.53,5.46,144.41,1.9,144.4,2.7
135.69,True,0,135.69,False,0,-0.15,0,False,0.5400914000830721,0.1878997802734375,1643294700000,144.42,144.9,144.34,144.86,74.47,144.73,1.9,144.74,5.48,144.59,2.71,144.55,2.1
135.69,True,0,135.69,False,0,-0.15,0,False,0.630903950906723,0.219354248046875,1643295000000,145.03,145.52,145.03,145.14,137.89,145.29,0.7,145.31,9.92,145.2,245.89,145.14,0.77
135.69,True,0,135.69,True,0,-0.15,0,False,1.0475864429989834,0.2586822509765625,1643295300000,146.05,146.05,145.47,145.57,105.9,145.63,0.08,145.7,2.7,145.56,1.9,145.55,1.3
135.69,True,0,135.69,False,0,-0.15,0,False,-0.9196748415541625,0.349517822265625,1643295600000,145.16,145.18,144.65,144.89,151.44,145.17,8.24,145.18,0.02,145.08,1.9,145.07,3.46
135.69,True,0,135.69,True,0,-0.15,0,False,0.16515276630883216,0.2887847900390625,1643295900000,145.32,145.32,144.78,145.03,104.25,145.02,1.82,145.07,2.0,144.93,1.9,144.9,6.64
135.69,True,0,135.69,False,0,-0.15,0,False,0.07221954742416245,0.185797119140625,1643296200000,145.39,145.9,145.31,145.9,285.68,145.99,0.7,146.0,41.74,145.91,1.9,145.9,2.46
135.69,True,0,135.69,True,0,-0.15,0,False,1.2989226783035697,0.160772705078125,1643296500000,146.66,147.0,146.51,146.65,798.4,146.79,2.0,146.8,2.6,146.68,1.9,146.67,2.4
135.69,True,0,135.69,False,0,-0.15,0,False,-0.3691045796308802,0.2393402099609375,1643296800000,146.3,146.38,145.89,145.91,491.49,146.07,4.7,146.09,3.2,145.98,8.5,145.97,6.85
135.69,True,0,135.69,False,0,-0.15,0,False,-0.7211538461538638,0.1838134765625,1643297100000,145.6,145.67,145.46,145.57,159.58,145.73,16.79,145.79,33.1,145.72,2.0,145.71,0.88
135.69,True,0,135.69,False,0,-0.15,0,False,-1.1523288808913958,0.1411102294921875,1643297400000,144.49,144.65,143.85,143.85,496.05,143.55,2.0,143.56,2.6,143.51,0.08,143.44,4.26
135.69,True,0,135.69,False,0,-0.15,0,False,-0.15588194540668457,-0.5443756103515625,1643297700000,144.34,144.34,143.67,143.67,181.75,143.77,1.9,143.8,11.45,143.7,3.3,143.69,5.93
135.69,True,0,135.69,False,0,-0.15,0,False,-1.3526738902481565,-0.2453216552734375,1643298000000,143.05,143.33,142.89,143.23,171.43,143.32,2.6,143.34,4.34,143.23,1.98,143.2,0.7
135.69,True,0,135.69,False,0,-0.15,0,False,0.5328782390637966,-0.6375213623046875,1643298300000,143.56,143.56,143.27,143.28,125.04,143.45,13.4,143.48,21.47,143.43,0.08,143.38,0.7
135.69,True,0,135.69,False,0,-0.15,0,False,-1.3175462019534818,-0.3197784423828125,1643298600000,142.31,142.52,142.17,142.52,460.67,142.49,0.87,142.51,1.53,142.48,2.0,142.47,0.79
135.69,True,0,135.69,False,0,-0.15,0,False,-0.8373374788015743,-0.49151611328125,1643298900000,141.52,141.84,141.35,141.54,304.45,141.78,1.9,141.79,12.0,141.69,0.62,141.68,9.57
135.69,True,0,135.69,False,0,-0.15,0,False,0.8536499683833368,-0.3474273681640625,1643299200000,142.33,142.71,142.28,142.5,375.36,142.57,1.9,142.58,2.55,142.49,5.0,142.48,2.6
135.69,True,0,135.69,False,0,-0.15,0,False,-0.36977039019582625,0.00755615234375,1643299500000,141.98,142.11,141.28,141.38,410.8,141.33,1.3,141.36,2.09,141.32,0.22,141.27,3.79
135.69,True,0,135.69,False,0,-0.15,0,False,-1.7096452486109073,-0.644537353515625,1643299800000,140.38,141.02,140.38,141.02,317.46,141.06,1.53,141.11,27.61,140.96,17.84,140.95,2.0
135.69,True,0,135.69,False,0,-0.15,0,False,0.3517873640821681,-0.4163330078125,1643300100000,140.71,140.76,140.22,140.39,450.72,140.46,15.5,140.48,1.9,140.41,3.3,140.4,0.7
135.69,True,0,135.69,False,0,-0.15,0,False,-0.438346400570203,-0.4643341064453125,1643300400000,140.3,140.48,140.16,140.41,70.6,140.49,1.9,140.5,9.35,140.39,10.58,140.38,6.02
135.69,True,0,135.69,False,0,-0.15,0,False,0.2241833321471563,0.15152587890625,1643300700000,140.51,140.54,139.93,139.93,246.52,139.88,1.9,139.89,2.0,139.8,3.53,139.79,6.55
135.69,True,0,135.69,False,0,-0.15,0,False,-0.010676156583620183,-0.4436279296875,1643301000000,140.5,141.19,140.28,141.19,340.14,141.14,1.42,141.15,0.97,141.05,1.9,141.04,0.7
135.69,True,0,135.69,False,0,-0.15,0,False,1.8973998594518742,-0.2583892822265625,1643301300000,142.3,142.6,142.17,142.56,467.23,142.49,1.9,142.5,2.18,142.41,14.22,142.4,6.32
135.69,True,0,135.69,False,0,-0.15,0,False,-0.26399155227032733,0.165673828125,1643301600000,142.05,143.13,142.05,142.95,273.28,142.72,1.9,142.73,2.18,142.59,4.95,142.57,17.76
135.69,True,0,135.69,False,0,-0.15,0,False,0.07388122713199392,0.4171600341796875,1643301900000,142.12,142.44,142.04,142.19,92.89,142.2,1.9,142.21,1.3,142.14,5.06,142.11,195.38
135.69,True,0,135.69,False,0,-0.15,0,False,-0.1373336150433081,0.243145751953125,1643302200000,141.99,142.0,141.7,141.8,68.29,141.88,1.9,141.89,2.7,141.78,1.9,141.77,0.24
135.69,True,0,135.69,False,0,-0.15,0,False,0.2109853013573268,-0.0158660888671875,1643302500000,142.19,142.19,141.9,142.06,97.8,141.98,1.9,141.99,2.27,141.89,0.09,141.87,33.73
135.69,True,0,135.69,False,0,-0.15,0,False,-0.2430262045646553,0.25592041015625,1643302800000,141.96,142.03,141.66,142.03,359.14,142.19,0.2,142.2,2.52,142.14,1.9,142.13,0.3
135.69,True,0,135.69,False,0,-0.15,0,False,0.47398356856961094,0.0416259765625,1643303100000,142.41,142.63,142.31,142.52,163.09,142.4,1.9,142.41,3.3,142.33,1.9,142.32,2.21
135.69,True,0,135.69,False,0,-0.15,0,False,-1.0607453503995474,0.0011077880859375,1643303400000,141.41,141.41,140.48,140.56,520.56,140.76,5.5,140.77,2.11,140.68,0.7,140.65,0.13
135.69,True,0,135.69,False,0,-0.15,0,False,-0.9822763185991752,-0.561004638671875,1643303700000,140.49,140.7,140.25,140.42,69.87,140.22,1.9,140.23,3.82,140.16,0.76,140.14,2.2
135.69,True,0,135.69,False,0,-0.15,0,False,-0.41755888650965184,-0.10611572265625,1643304000000,140.1,140.21,139.91,139.93,119.96,140.06,1.9,140.07,5.68,139.99,1.9,139.98,1.3
135.69,True,0,135.69,False,0,-0.15,0,False,0.5121638924456019,-1.086138916015625,1643304300000,140.58,140.99,140.51,140.76,141.08,140.86,1.45,140.89,2.18,140.8,2.9,140.77,7.36
135.69,True,0,135.69,False,0,-0.15,0,False,0.2981683941502213,-0.047509765625,1643304600000,140.86,141.16,140.69,140.7,209.47,140.88,0.71,140.89,11.15,140.77,11.88,140.76,5.47
135.69,True,0,135.69,False,0,-0.15,0,False,-0.459303567613765,-0.2398040771484375,1643304900000,140.43,140.51,139.88,140.07,223.93,140.34,1.3,140.35,0.71,140.26,1.9,140.25,1.96
135.69,True,0,135.69,False,0,-0.15,0,False,-0.13898788310762164,0.072705078125,1643305200000,140.3,140.41,140.21,140.26,149.52,140.3,28.85,140.37,2.52,140.29,4.05,140.27,1.9
135.69,True,0,135.69,False,0,-0.15,0,False,-0.07487698780577082,0.04515380859375,1643305500000,140.23,140.24,139.9,139.9,395.7,140.07,1.9,140.09,12.89,139.99,6.84,139.95,0.71
135.69,True,0,135.69,False,0,-0.15,0,False,0.30956447480787835,-0.2698211669921875,1643305800000,140.52,140.91,140.52,140.84,131.04,140.89,1.9,140.9,1.3,140.87,0.08,140.79,7.39
135.69,True,0,135.69,False,0,-0.15,0,False,0.4894311249822452,0.5641845703125,1643306100000,140.98,141.3,140.87,141.3,89.02,141.25,1.9,141.26,4.0,141.19,3.86,141.15,7.08
135.69,True,0,135.69,False,0,-0.15,0,False,-0.10647359454854591,-0.13702392578125,1643306400000,140.88,141.44,140.88,141.33,61.15,141.35,1.9,141.36,4.0,141.29,2.0,141.28,1.03
135.69,True,0,135.69,False,0,-0.15,0,False,-0.8028259473346179,0.259295654296875,1643306700000,140.13,140.47,140.11,140.24,103.49,140.25,1.9,140.27,5.56,140.16,1.9,140.15,7.13
135.69,True,0,135.69,False,0,-0.15,0,False,-0.21439291074107264,-0.1738128662109375,1643307000000,139.93,140.12,139.82,139.98,106.93,139.84,0.08,139.86,1.9,139.8,10.8,139.79,2.14
135.69,True,0,135.69,False,0,-0.15,0,False,-0.06434546364481547,0.0170013427734375,1643307300000,139.87,140.39,139.83,140.12,308.54,140.39,16.65,140.42,39.48,140.33,1.9,140.32,2.0
135.69,True,0,135.69,False,0,-0.15,0,False,-0.07510729613733173,0.1117095947265625,1643307600000,139.8,139.8,139.4,139.4,143.3,139.46,1.73,139.47,2.7,139.4,2.0,139.39,0.25
135.69,True,0,135.69,False,0,-0.15,0,False,-0.6140917905624022,-0.2104766845703125,1643307900000,139.23,139.85,139.22,139.85,34.5,139.81,3.34,139.82,22.36,139.72,3.0,139.68,15.24
135.69,True,0,135.69,False,0,-0.15,0,False,0.053848363009776745,-0.15814208984375,1643308200000,139.28,139.79,139.23,139.43,303.13,139.44,3.76,139.45,24.8,139.38,1.9,139.37,2.0
135.69,True,0,135.69,False,0,-0.15,0,False,0.8033992715846604,-0.0028228759765625,1643308500000,140.03,140.5,139.92,140.5,77.5,140.37,4.59,140.38,2.86,140.28,2.86,140.27,2.13
135.69,True,0,135.69,False,0,-0.15,0,False,0.010711225364171921,0.1067596435546875,1643308800000,140.04,140.07,139.54,139.91,144.57,140.14,2.4,140.2,7.14,140.05,1.76,140.04,7.84
135.69,True,0,135.69,False,0,-0.15,0,False,-0.18231214699362353,-0.184832763671875,1643309100000,139.87,139.92,139.58,139.81,125.56,140.1,1.9,140.11,4.95,140.01,1.9,139.95,7.14
135.69,True,0,135.69,False,0,-0.15,0,False,0.736340352874215,-0.1935791015625,1643309400000,140.56,140.79,140.35,140.52,208.38,140.6,1.9,140.64,2.13,140.5,14.4,140.49,7.11
135.69,True,0,135.69,False,0,-0.15,0,False,0.25568181818182784,-0.0206756591796875,1643309700000,140.8,141.17,140.8,141.05,175.99,141.16,5.93,141.17,9.87,141.06,1.9,141.05,2.0
135.69,True,0,135.69,True,0,-0.15,0,False,0.6576156130674333,0.2108367919921875,1643310000000,141.42,142.21,141.4,142.16,254.02,142.12,1.9,142.13,2.0,142.06,2.53,142.05,2.0
135.69,True,0,135.69,True,0,0.1583169152828816,0,False,0.7072981912872291,0.2838714599609375,1643310300000,142.09,142.27,142.0,142.27,225.29,142.33,4.85,142.34,0.91,142.27,0.87,142.26,2.74
135.69,True,0,135.69,True,0,0.22164368139598878,0,False,0.2318881315438116,0.397894287109375,1643310600000,142.31,142.5,142.23,142.5,465.45,142.5,0.14,142.53,0.13,142.48,1.9,142.46,4.5
135.69,True,0,135.69,True,0,-0.3905150576977121,0,False,-0.07381889763778808,0.5659515380859375,1643310900000,142.24,142.44,141.87,142.39,241.59,142.22,1.9,142.23,5.4,142.11,9.63,142.1,1.76
135.69,True,0,135.69,False,0,-0.3905150576977121,0,False,-0.1372176483006074,0.4062469482421875,1643311200000,142.11,142.11,141.67,141.67,90.3,141.67,0.71,141.71,5.43,141.6,8.36,141.59,7.19
135.69,True,0,135.69,False,0,-0.3905150576977121,0,False,-1.0522959183673566,0.1524505615234375,1643311500000,141.12,141.3,141.02,141.28,62.7,141.25,0.08,141.28,1.9,141.21,1.48,141.19,7.08
135.69,True,0,135.69,False,0,-0.3905150576977121,0,False,-0.07444168734490589,-0.133978271484375,1643311800000,141.05,141.98,140.99,141.98,110.28,141.95,0.08,141.96,7.05,141.89,1.94,141.86,2.74
135.69,True,0,135.69,False,0,-0.3905150576977121,0,False,-1.1897956266971705,0.0125762939453125,1643312100000,139.94,140.35,139.88,140.05,655.15,140.05,21.77,140.14,5.59,140.0,1.9,139.99,8.77
135.69,True,0,135.69,False,0,-0.3905150576977121,0,False,-0.6242824339839094,-0.5407745361328125,1643312400000,139.36,139.78,139.33,139.56,211.52,139.61,2.37,139.62,0.72,139.54,7.16,139.53,1.8
135.69,True,0,135.69,False,0,-0.3905150576977121,0,False,1.2911716582485377,-0.4536224365234375,1643312700000,140.57,140.88,140.48,140.56,336.93,140.78,2.58,140.8,7.11,140.65,13.01,140.64,1.9
135.69,True,0,135.69,False,0,-0.3905150576977121,0,False,-0.07473309608540198,-0.275927734375,1643313000000,140.5,140.6,140.26,140.3,133.89,140.45,1.9,140.46,20.85,140.32,26.27,140.31,2.83
135.69,True,0,135.69,False,0,-0.3905150576977121,0,False,-0.6433166547533892,0.0114837646484375,1643313300000,139.9,139.95,139.69,139.75,42.72,140.04,12.34,140.05,9.51,139.91,2.0,139.9,1.9
135.69,True,0,135.69,False,0,-0.3905150576977121,0,False,-0.04290004290003436,-0.3728546142578125,1643313600000,139.86,140.24,139.83,140.22,112.94,140.43,0.71,140.44,7.12,140.37,0.08,140.32,13.43
135.69,True,0,135.69,False,0,-0.3905150576977121,0,False,1.507644394110972,0.1435150146484375,1643313900000,141.28,141.73,141.03,141.61,357.15,141.84,2.37,141.85,23.1,141.73,8.95,141.72,5.05
135.69,True,0,135.69,False,0,-0.3905150576977121,0,False,0.6238105307676077,0.18953857421875,1643314200000,141.87,141.94,141.45,141.51,106.36,141.58,0.14,141.64,5.54,141.53,1.9,141.52,7.02
135.69,True,0,135.69,False,0,-0.3905150576977121,0,False,-0.9469428287700541,0.0392333984375,1643314500000,140.98,140.98,140.24,140.3,392.93,140.34,2.67,140.36,7.12,140.23,3.16,140.22,7.9
135.69,True,0,135.69,False,0,-0.3905150576977121,0,False,-0.45891141942366953,-0.099444580078125,1643314800000,140.55,140.56,140.0,140.05,89.33,139.72,1.9,139.74,7.16,139.64,1.43,139.6,20.3
135.69,True,0,135.69,False,0,-0.3905150576977121,0,False,-0.47105845407179825,0.017572021484375,1643315100000,140.11,140.45,139.92,140.23,408.2,140.3,1.9,140.31,1.99,140.2,2.0,140.19,4.07
135.69,True,0,135.69,False,0,-0.3905150576977121,0,False,0.010705109905785297,0.1986602783203125,1643315400000,140.12,140.51,139.69,139.79,134.7,139.76,1.9,139.78,3.9,139.67,3.43,139.65,2.72
135.69,True,0,135.69,False,0,-0.3905150576977121,0,False,-0.4617367026988405,-0.040069580078125,1643315700000,139.69,140.15,139.57,139.67,101.25,139.38,2.09,139.46,25.93,139.32,2.21,139.31,3.58
135.69,True,0,135.69,False,0,-0.3905150576977121,0,False,-0.8205571150939224,-0.2828826904296875,1643316000000,138.93,139.02,138.42,139.0,361.83,138.77,1.53,138.81,25.38,138.63,11.2,138.62,5.2
135.69,True,0,135.69,False,0,-0.3905150576977121,0,False,-0.10804581142403764,-0.1210357666015625,1643316300000,138.83,139.33,138.82,139.11,294.67,139.34,34.29,139.35,30.81,139.19,8.6,139.16,17.77
135.69,True,0,135.69,False,0,-0.3905150576977121,0,False,-0.42256573244728557,-0.117767333984375,1643316600000,138.44,138.56,138.13,138.51,265.36,138.46,1.9,138.47,7.22,138.39,2.12,138.34,26.94
135.69,True,0,135.69,False,0,-0.3905150576977121,0,False,-0.9595812736260491,-0.4587860107421875,1643316900000,137.56,137.64,137.0,137.18,866.53,137.28,5.2,137.29,4.98,137.19,1.9,137.15,5.62
135.69,True,0,135.69,False,0,-0.3905150576977121,0,False,-1.032059727711899,-0.79608154296875,1643317200000,136.62,137.61,136.5,137.46,820.66,137.15,0.14,137.16,1.9,137.09,0.14,137.08,18.1
135.69,True,0,135.69,False,0,-0.3905150576977121,0,False,0.3942181340341494,-0.4308502197265625,1643317500000,136.98,137.08,136.64,136.64,430.95,136.7,4.6,136.71,2.09,136.59,9.22,136.57,7.73
135.69,True,0,135.69,False,0,-0.3905150576977121,0,False,-1.0031601381641766,-0.3379974365234375,1643317800000,136.07,136.19,135.65,135.76,447.1,135.56,1.9,135.57,0.7,135.48,2.7,135.47,0.66
135.69,True,0,135.69,False,0,-0.3905150576977121,0,False,-0.719982277359333,-0.6200958251953125,1643318100000,135.42,136.14,135.42,136.0,314.15,135.91,1.82,135.94,4.03,135.83,2.0,135.82,1.3
135.69,True,0,135.69,False,0,-0.3905150576977121,0,False,0.5627896711542919,-0.448077392578125,1643318400000,135.93,136.29,135.69,135.87,309.08,135.86,5.2,135.87,1.9,135.79,1.9,135.77,1.85
135.69,True,0,135.69,False,0,-0.3905150576977121,0,False,0.4510781868857231,-0.3232635498046875,1643318700000,136.34,136.67,136.31,136.6,386.77,136.77,3.59,136.78,2.2,136.68,10.21,136.66,1.9
135.69,True,0,135.69,False,0,-0.3905150576977121,0,False,-0.6741324688720405,-0.249725341796875,1643319000000,135.73,136.43,135.73,136.2,514.78,136.4,0.8,136.43,1.97,136.33,7.33,136.32,4.0
135.69,True,0,135.69,False,0,-0.3905150576977121,0,False,0.8461538461538574,-0.1669036865234375,1643319300000,136.5,136.66,136.15,136.26,91.62,136.19,1.9,136.22,16.12,136.13,4.24,136.12,0.27
135.69,True,0,135.69,False,0,-0.3905150576977121,0,False,0.6019700839109938,-0.017578125,1643319600000,137.05,137.17,136.72,136.87,142.69,137.04,7.3,137.05,1.3,136.94,1.9,136.92,19.6
135.69,True,0,135.69,False,0,-0.3905150576977121,0,False,0.5343899956376117,0.036053466796875,1643319900000,137.54,137.75,137.41,137.6,261.38,137.34,1.9,137.35,2.09,137.26,0.7,137.25,1.73
135.69,True,0,135.69,True,0,-0.15,0,False,1.8951902368988003,0.246917724609375,1643320200000,139.3,139.3,137.96,138.55,862.49,138.71,2.98,138.73,8.31,138.63,7.21,138.61,1.9
135.69,True,0,135.69,False,0,-0.15,0,False,-1.7649622312608997,0.2710052490234375,1643320500000,137.68,138.47,137.68,138.25,261.94,138.33,1.54,138.34,1.88,138.25,3.3,138.24,9.13
135.69,True,0,135.69,True,0,-0.14999999999999997,0,False,0.45619116582185465,0.3997222900390625,1643320800000,138.1,138.19,137.37,137.37,193.11,137.51,1.9,137.52,1.53,137.43,1.9,137.38,4.49
135.69,True,0,135.69,False,0,-0.14999999999999997,0,False,-0.326560232220591,0.148565673828125,1643321100000,137.8,137.82,136.8,136.85,516.54,136.89,1.9,136.9,18.3,136.8,1.0,136.79,0.24
135.69,True,0,135.69,False,0,-0.14999999999999997,0,False,-0.6449967203556629,0.0696990966796875,1643321400000,137.21,137.25,136.88,136.96,204.26,137.11,1.9,137.12,1.9,137.02,1.9,136.98,7.3
135.69,True,0,135.69,False,0,-0.14999999999999997,0,False,-1.0679682912507327,-0.2660858154296875,1643321700000,136.24,137.0,136.24,136.9,350.98,136.98,1.3,136.99,2.19,136.93,1.9,136.92,8.16
135.69,True,0,135.69,True,0,-0.15,0,False,1.4609681639773258,-0.1495330810546875,1643322000000,137.58,137.79,137.47,137.71,53.63,137.8,7.26,137.82,3.31,137.71,7.76,137.7,9.14
135.69,True,0,135.69,False,0,-0.15,0,False,-0.021808665309694206,-0.111590576171875,1643322300000,137.56,137.56,136.9,137.27,367.55,137.22,7.29,137.24,20.84,137.09,8.32,137.08,2.0
135.69,True,0,135.69,False,0,-0.15,0,False,0.3264181053242543,0.088616943359375,1643322600000,137.86,137.86,137.67,137.7,15.0,137.54,2.0,137.55,4.1,137.44,27.54,137.43,32.42
135.69,True,0,135.69,False,0,-0.15,0,False,-0.8975481611208643,0.1142547607421875,1643322900000,137.04,137.45,137.02,137.44,27.4,137.7,1.72,137.76,7.26,137.57,17.68,137.56,2.4
135.69,True,0,135.69,False,0,-0.15,0,False,2.2107987633906228,0.0434906005859375,1643323200000,139.09,139.33,138.45,138.77,233.41,139.3,0.08,139.33,21.55,139.22,1.3,139.21,9.25
135.69,True,0,135.69,False,0,-0.15,0,False,0.6977243452125437,0.4609832763671875,1643323500000,139.74,140.19,139.74,140.15,335.02,140.28,0.84,140.29,2.0,140.23,0.08,140.15,0.71
135.69,True,0,135.69,False,0,-0.15,0,False,0.7689021785561713,0.29818115234375,1643323800000,140.46,140.46,139.88,139.97,135.19,139.82,27.04,139.83,14.07,139.69,7.16,139.67,1.72
135.69,True,0,135.69,False,0,-0.15,0,False,-0.20317958223426005,0.515216064453125,1643324100000,140.27,140.47,140.14,140.14,51.58,140.07,10.91,140.09,7.14,139.94,9.57,139.93,3.77
135.69,True,0,135.69,False,0,-0.15,0,False,-0.784721226888367,0.5202117919921875,1643324400000,139.54,140.27,139.47,139.95,210.44,140.15,0.7,140.17,7.14,140.03,2.28,140.02,0.19
135.69,True,0,135.69,True,0,-0.15,0,False,0.9612645969809233,0.514984130859375,1643324700000,140.44,140.82,140.43,140.81,281.99,140.89,7.1,140.9,6.0,140.77,3.54,140.75,13.11
135.69,True,0,135.69,True,0,0.5855632053375075,0,False,1.3547840812870462,0.454852294921875,1643325000000,141.72,141.73,141.45,141.57,68.18,141.52,4.7,141.53,7.1,141.44,0.64,141.43,0.35
135.69,True,0,135.69,False,0,0.5855632053375075,0,False,-0.16953941791466154,0.365411376953125,1643325300000,141.56,141.6,141.0,141.19,130.38,141.3,7.08,141.32,2.86,141.15,6.0,141.14,2.28
135.69,True,0,135.69,False,0,0.5855632053375075,0,False,-0.574386611828101,0.2799652099609375,1643325600000,141.02,141.02,140.77,140.77,44.06,140.75,19.55,140.77,2.84,140.62,16.05,140.6,0.23
